<?xml version="1.0" encoding="UTF-8"?>
 <!DOCTYPE hibernate-configuration PUBLIC
 		"-//Hibernate/Hibernate Configuration DTD 3.0//EN"
 		"http://hibernate.sourceforge.net/hibernate-configuration-3.0.dtd">
 <hibernate-configuration>
     <session-factory> 

<!--
		<property name="show_sql">true</property>		
		<property name="dialect">org.hibernate.dialect.SQLServerDialect</property>
        <property name="hibernate.connection.driver_class">net.sourceforge.jtds.jdbc.Driver</property>
        <property name="hibernate.connection.url">jdbc:jtds:sqlserver://127.0.0.1:1433;DatabaseName=dbd_sistema;namedPipe=true</property>
        <property name="hibernate.connection.username">sa</property>
        <property name="hibernate.connection.password">scfla100</property>

        <property name="dialect">org.hibernate.dialect.MySQLDialect</property>
        <property name="hibernate.connection.driver_class">com.mysql.jdbc.Driver</property>
        <property name="hibernate.connection.url">jdbc:mysql://127.0.0.1:3306/dbd_custos</property>
        <property name="hibernate.connection.username">root</property>
        <property name="hibernate.connection.password">scfla100</property>
        <property name="hibernate.hbm2ddl.auto">update</property>
-->         
        <property name="dialect">org.hibernate.dialect.MySQLDialect</property>
        <property name="hibernate.connection.driver_class"><!-- DRIVER_BD --></property>
        <property name="hibernate.connection.url"><!-- CONEXAO_BD --></property>
        <property name="hibernate.connection.username"><!-- USUARIO_BD --></property>
        <property name="hibernate.connection.password"><!-- SENHA_BD --></property>

		<property name="hibernate.connection.provider_class">org.hibernate.connection.C3P0ConnectionProvider</property>
		<property name="hibernate.c3p0.min_size">1</property>
		<property name="hibernate.c3p0.max_size">20</property>
		<property name="hibernate.c3p0.timeout">30</property>
		<property name="hibernate.c3p0.idle_test_period">100</property>

<MAPEAMENTOS>
        
      </session-factory>
 </hibernate-configuration>