<?xml version='1.0' encoding='utf-8'?>
<Context docBase="template" path="/template" workDir="work\Catalina\localhost\template">
  <Resource name="dsLocal" type="javax.sql.DataSource"/>
  <ResourceParams name="dsLocal">
    <parameter>
      <name>maxWait</name>
      <value>5000</value>
    </parameter>
    <parameter>
      <name>maxActive</name>
      <value>4</value>
    </parameter>
    <parameter>
      <name>password</name>
      <value>senha</value>
    </parameter>
    <parameter>
      <name>url</name>
      <value><!-- TOKEN_CONNECTION --></value>
    </parameter>
    <parameter>
      <name>driverClassName</name>
      <value><!-- TOKEN_CLASS --></value>
    </parameter>
    <parameter>
      <name>maxIdle</name>
      <value>2</value>
    </parameter>
    <parameter>
      <name>username</name>
      <value>usuario</value>
    </parameter>
  </ResourceParams>
</Context>
