<?xml version='1.0' encoding='utf-8'?>
<Context docBase="health" path="/health" workDir="work\Catalina\localhost\health">
  <Resource name="dsLocal" type="javax.sql.DataSource"/>
  <ResourceParams name="dsLocal">
    <parameter>
      <name>maxWait</name>
      <value>5000</value>
    </parameter>
    <parameter>
      <name>maxActive</name>
      <value>4</value>
    </parameter>
    <parameter>
      <name>password</name>
      <value>senha</value>
    </parameter>
    <parameter>
      <name>url</name>
      <value>jdbc:mysql://localhost:3306/fabioeb_dbp_health</value>
    </parameter>
    <parameter>
      <name>driverClassName</name>
      <value>com.mysql.jdbc.Driver</value>
    </parameter>
    <parameter>
      <name>maxIdle</name>
      <value>2</value>
    </parameter>
    <parameter>
      <name>username</name>
      <value>usuario</value>
    </parameter>
  </ResourceParams>
</Context>
