<?xml version="1.0" encoding="UTF-8"?>

<!DOCTYPE tiles-definitions PUBLIC
       "-//Apache Software Foundation//DTD Tiles Configuration 1.1//EN"
       "HisaqWeb/dtds/tiles-config_1_1.dtd">


<!-- Definitions for Tiles documentation   -->
  
<tiles-definitions>

   <definition name="site.serproLayout.entrada.base" path="/WEB-INF/jsp/base/layout/entrada.jsp">
	  <put name="title"  value="Radiografia Desportiva - Entrada" />
	  <put name="cabecalho" value="/WEB-INF/jsp/base/include/cabecalho.jsp" />
	  <put name="erros" value="/WEB-INF/jsp/base/include/erros.jsp" />
	  <put name="rodape" value="/WEB-INF/jsp/base/include/rodape.jsp" />
	  <put name="corpo" value="/WEB-INF/jsp/base/paginas/entrada/corpoEntrada.jsp" />
  </definition>
  
  <definition name="site.serproLayout.logado.base" path="/WEB-INF/jsp/base/layout/logado.jsp">
	  <put name="title"  value="Radiografia Desportiva - Sala de Visita" />
	  <put name="cabecalho" value="/WEB-INF/jsp/base/include/cabecalho.jsp" />
	  <put name="erros" value="/WEB-INF/jsp/base/include/erros.jsp" />
	  <put name="menu" value="/WEB-INF/jsp/base/include/menu.jsp" />
	  <put name="rodape" value="/WEB-INF/jsp/base/include/rodape.jsp" />
	  <put name="corpo" value="/WEB-INF/jsp/base/paginas/logado/corpoLogado.jsp" />
  </definition>  
  
  <definition name="site.serproLayout.recepcao.base" path="/WEB-INF/jsp/base/layout/recepcao.jsp">
	  <put name="title"  value="Radiografia Desportiva" />
	  <put name="cabecalho" value="/WEB-INF/jsp/base/include/cabecalho.jsp" />
	  <put name="erros" value="/WEB-INF/jsp/base/include/erros.jsp" />
	  <put name="menu" value="/WEB-INF/jsp/base/include/menu.jsp" />
	  <put name="rodape" value="/WEB-INF/jsp/base/include/rodape.jsp" />
	  <put name="corpo" value="/WEB-INF/jsp/base/paginas/logado/corpoRecepcao.jsp" />
  </definition>  
  
  <definition name="site.serproLayout.formulario.base" path="/WEB-INF/jsp/base/layout/formulario.jsp">
	  <put name="title"  value="Radiografia Desportiva" />
	  <put name="cabecalho" value="/WEB-INF/jsp/base/include/cabecalho.jsp" />
	  <put name="erros" value="/WEB-INF/jsp/base/include/erros.jsp" />
	  <put name="menu" value="/WEB-INF/jsp/base/include/menu.jsp" />
	  <put name="menuRodape" value="/WEB-INF/jsp/base/include/menuRodape.jsp" />	  
	  <put name="rodape" value="/WEB-INF/jsp/base/include/rodape.jsp" />
	  <put name="corpo" value="/WEB-INF/jsp/base/paginas/logado/corpoLogado.jsp" />
  </definition>
 
  <definition name="site.serproLayout.formularioLov.base" path="/WEB-INF/jsp/base/layout/formulario.jsp">
	  <put name="title" value="Radiografia Desportiva" />
	  <put name="cabecalho" value="/WEB-INF/jsp/base/include/vazia.jsp" />
	  <put name="erros" value="/WEB-INF/jsp/base/include/vazia.jsp" />
	  <put name="menu" value="/WEB-INF/jsp/base/include/vazia.jsp" />
	  <put name="menuRodape" value="/WEB-INF/jsp/base/include/vazia.jsp" />	  
	  <put name="rodape" value="/WEB-INF/jsp/base/include/vazia.jsp" />
	  <put name="corpo" value="/WEB-INF/jsp/base/paginas/logado/corpoLogado.jsp" />
  </definition>
 
    <definition name="site.serproLayout.conteudoInexistente.base" path="/WEB-INF/jsp/base/layout/entrada.jsp">
	  <put name="title"  value="Radiografia Desportiva" />
	  <put name="cabecalho" value="/WEB-INF/jsp/base/include/cabecalho.jsp" />
	  <put name="erros" value="/WEB-INF/jsp/base/include/erros.jsp" />
	  <put name="rodape" value="/WEB-INF/jsp/base/include/rodape.jsp" />
	  <put name="corpo" value="/WEB-INF/jsp/base/include/vazia.jsp" />
  </definition>
 
  <!-- ************** Definições customizadas ***************************** -->
  <!--  Menu - Deverá ser custmizado pelo sistema de segurança -->
  <definition name="site.serproLayout.menu.base" extends="site.serproLayout.formulario">
	  <put name="corpo" value="/WEB-INF/jsp/base/paginas/menu/corpoMenu.jsp" />
	  <!-- put name="menuRodape" value="/WEB-INF/jsp/base/include/menuRodapeVoltar.jsp" / -->	  
  </definition>
  
  <!--  Página de Acessibilidade -->
  <definition name="site.serproLayout.acessibilidade.base" extends="site.serproLayout.formulario">
	  <put name="corpo" value="/WEB-INF/jsp/base/paginas/acessibilidade/corpoAcessibilidade.jsp" />
  </definition>
  
  <definition name="site.serproLayout.entrada" extends="site.serproLayout.entrada.base" />
  
  <definition name="site.serproLayout.logado" extends="site.serproLayout.logado.base" />

  <definition name="site.serproLayout.recepcao" extends="site.serproLayout.recepcao.base" />
  
  <definition name="site.serproLayout.formulario" extends="site.serproLayout.formulario.base" />
 
  <definition name="site.serproLayout.formularioLov" extends="site.serproLayout.formularioLov.base"  />
 
  <definition name="site.serproLayout.conteudoInexistente" extends="site.serproLayout.conteudoInexistente.base" />
 
  <!-- ************** Definições customizadas ***************************** -->
  <!--  Menu - Deverá ser custmizado pelo sistema de segurança -->
  <definition name="site.serproLayout.menu" extends="site.serproLayout.menu.base" />
  
  <!--  Página de Acessibilidade -->
  <definition name="site.serproLayout.acessibilidade" extends="site.serproLayout.acessibilidade.base" />
  
  
    <!-- ################################### ComandoRegra ############################### -->
    <definition name="site.serproLayout.comandoRegraConsultaLov.base" extends="site.serproLayout.formularioLov">
        <put name="corpo" value="/WEB-INF/jsp/base/paginas/comandoRegra/ParComandoRegra.jsp" />
    </definition>
    <definition name="site.serproLayout.comandoRegraConsulta.base" extends="site.serproLayout.formulario">
        <put name="corpo" value="/WEB-INF/jsp/base/paginas/comandoRegra/ParComandoRegra.jsp" />
    </definition>
    <definition name="site.serproLayout.comandoRegraVisualiza.base" extends="site.serproLayout.formulario">
        <put name="corpo" value="/WEB-INF/jsp/base/paginas/comandoRegra/VisComandoRegra.jsp" />
    </definition>
    <definition name="site.serproLayout.comandoRegra.base" extends="site.serproLayout.formulario">
        <put name="corpo" value="/WEB-INF/jsp/base/paginas/comandoRegra/CadComandoRegra.jsp" />
    </definition>
    <definition name="site.serproLayout.comandoRegraConsultaLov" extends="site.serproLayout.comandoRegraConsultaLov.base" />
    <definition name="site.serproLayout.comandoRegraConsulta" extends="site.serproLayout.comandoRegraConsulta.base" />
    <definition name="site.serproLayout.comandoRegraVisualiza" extends="site.serproLayout.comandoRegraVisualiza.base" />
    <definition name="site.serproLayout.comandoRegra" extends="site.serproLayout.comandoRegra.base" />

    <!-- ################################### Comando ############################### -->
    <definition name="site.serproLayout.comandoConsultaLov.base" extends="site.serproLayout.formularioLov">
        <put name="corpo" value="/WEB-INF/jsp/base/paginas/comando/ParComando.jsp" />
    </definition>
    <definition name="site.serproLayout.comandoConsulta.base" extends="site.serproLayout.formulario">
        <put name="corpo" value="/WEB-INF/jsp/base/paginas/comando/ParComando.jsp" />
    </definition>
    <definition name="site.serproLayout.comandoVisualiza.base" extends="site.serproLayout.formulario">
        <put name="corpo" value="/WEB-INF/jsp/base/paginas/comando/VisComando.jsp" />
    </definition>
    <definition name="site.serproLayout.comando.base" extends="site.serproLayout.formulario">
        <put name="corpo" value="/WEB-INF/jsp/base/paginas/comando/CadComando.jsp" />
    </definition>
    <definition name="site.serproLayout.comandoConsultaLov" extends="site.serproLayout.comandoConsultaLov.base" />
    <definition name="site.serproLayout.comandoConsulta" extends="site.serproLayout.comandoConsulta.base" />
    <definition name="site.serproLayout.comandoVisualiza" extends="site.serproLayout.comandoVisualiza.base" />
    <definition name="site.serproLayout.comando" extends="site.serproLayout.comando.base" />

    <!-- ################################### ComandoPerfil ############################### -->
    <definition name="site.serproLayout.comandoPerfilConsultaLov.base" extends="site.serproLayout.formularioLov">
        <put name="corpo" value="/WEB-INF/jsp/base/paginas/comandoPerfil/ParComandoPerfil.jsp" />
    </definition>
    <definition name="site.serproLayout.comandoPerfilConsulta.base" extends="site.serproLayout.formulario">
        <put name="corpo" value="/WEB-INF/jsp/base/paginas/comandoPerfil/ParComandoPerfil.jsp" />
    </definition>
    <definition name="site.serproLayout.comandoPerfilVisualiza.base" extends="site.serproLayout.formulario">
        <put name="corpo" value="/WEB-INF/jsp/base/paginas/comandoPerfil/VisComandoPerfil.jsp" />
    </definition>
    <definition name="site.serproLayout.comandoPerfil.base" extends="site.serproLayout.formulario">
        <put name="corpo" value="/WEB-INF/jsp/base/paginas/comandoPerfil/CadComandoPerfil.jsp" />
    </definition>
    <definition name="site.serproLayout.comandoPerfilConsultaLov" extends="site.serproLayout.comandoPerfilConsultaLov.base" />
    <definition name="site.serproLayout.comandoPerfilConsulta" extends="site.serproLayout.comandoPerfilConsulta.base" />
    <definition name="site.serproLayout.comandoPerfilVisualiza" extends="site.serproLayout.comandoPerfilVisualiza.base" />
    <definition name="site.serproLayout.comandoPerfil" extends="site.serproLayout.comandoPerfil.base" />

    <!-- ################################### ComandoperfilRegra ############################### -->
    <definition name="site.serproLayout.comandoperfilRegraConsultaLov.base" extends="site.serproLayout.formularioLov">
        <put name="corpo" value="/WEB-INF/jsp/base/paginas/comandoperfilRegra/ParComandoperfilRegra.jsp" />
    </definition>
    <definition name="site.serproLayout.comandoperfilRegraConsulta.base" extends="site.serproLayout.formulario">
        <put name="corpo" value="/WEB-INF/jsp/base/paginas/comandoperfilRegra/ParComandoperfilRegra.jsp" />
    </definition>
    <definition name="site.serproLayout.comandoperfilRegraVisualiza.base" extends="site.serproLayout.formulario">
        <put name="corpo" value="/WEB-INF/jsp/base/paginas/comandoperfilRegra/VisComandoperfilRegra.jsp" />
    </definition>
    <definition name="site.serproLayout.comandoperfilRegra.base" extends="site.serproLayout.formulario">
        <put name="corpo" value="/WEB-INF/jsp/base/paginas/comandoperfilRegra/CadComandoperfilRegra.jsp" />
    </definition>
    <definition name="site.serproLayout.comandoperfilRegraConsultaLov" extends="site.serproLayout.comandoperfilRegraConsultaLov.base" />
    <definition name="site.serproLayout.comandoperfilRegraConsulta" extends="site.serproLayout.comandoperfilRegraConsulta.base" />
    <definition name="site.serproLayout.comandoperfilRegraVisualiza" extends="site.serproLayout.comandoperfilRegraVisualiza.base" />
    <definition name="site.serproLayout.comandoperfilRegra" extends="site.serproLayout.comandoperfilRegra.base" />

    <!-- ################################### Configuracao ############################### -->
    <definition name="site.serproLayout.configuracaoConsultaLov.base" extends="site.serproLayout.formularioLov">
        <put name="corpo" value="/WEB-INF/jsp/base/paginas/configuracao/ParConfiguracao.jsp" />
    </definition>
    <definition name="site.serproLayout.configuracaoConsulta.base" extends="site.serproLayout.formulario">
        <put name="corpo" value="/WEB-INF/jsp/base/paginas/configuracao/ParConfiguracao.jsp" />
    </definition>
    <definition name="site.serproLayout.configuracaoVisualiza.base" extends="site.serproLayout.formulario">
        <put name="corpo" value="/WEB-INF/jsp/base/paginas/configuracao/VisConfiguracao.jsp" />
    </definition>
    <definition name="site.serproLayout.configuracao.base" extends="site.serproLayout.formulario">
        <put name="corpo" value="/WEB-INF/jsp/base/paginas/configuracao/CadConfiguracao.jsp" />
    </definition>
    <definition name="site.serproLayout.configuracaoConsultaLov" extends="site.serproLayout.configuracaoConsultaLov.base" />
    <definition name="site.serproLayout.configuracaoConsulta" extends="site.serproLayout.configuracaoConsulta.base" />
    <definition name="site.serproLayout.configuracaoVisualiza" extends="site.serproLayout.configuracaoVisualiza.base" />
    <definition name="site.serproLayout.configuracao" extends="site.serproLayout.configuracao.base" />

    <!-- ################################### Contamination ############################### -->
    <definition name="site.serproLayout.contaminationConsultaLov.base" extends="site.serproLayout.formularioLov">
        <put name="corpo" value="/WEB-INF/jsp/base/paginas/contamination/ParContamination.jsp" />
    </definition>
    <definition name="site.serproLayout.contaminationConsulta.base" extends="site.serproLayout.formulario">
        <put name="corpo" value="/WEB-INF/jsp/base/paginas/contamination/ParContamination.jsp" />
    </definition>
    <definition name="site.serproLayout.contaminationVisualiza.base" extends="site.serproLayout.formulario">
        <put name="corpo" value="/WEB-INF/jsp/base/paginas/contamination/VisContamination.jsp" />
    </definition>
    <definition name="site.serproLayout.contamination.base" extends="site.serproLayout.formulario">
        <put name="corpo" value="/WEB-INF/jsp/base/paginas/contamination/CadContamination.jsp" />
    </definition>
    <definition name="site.serproLayout.contaminationConsultaLov" extends="site.serproLayout.contaminationConsultaLov.base" />
    <definition name="site.serproLayout.contaminationConsulta" extends="site.serproLayout.contaminationConsulta.base" />
    <definition name="site.serproLayout.contaminationVisualiza" extends="site.serproLayout.contaminationVisualiza.base" />
    <definition name="site.serproLayout.contamination" extends="site.serproLayout.contamination.base" />

    <!-- ################################### Coordonees ############################### -->
    <definition name="site.serproLayout.coordoneesConsultaLov.base" extends="site.serproLayout.formularioLov">
        <put name="corpo" value="/WEB-INF/jsp/base/paginas/coordonees/ParCoordonees.jsp" />
    </definition>
    <definition name="site.serproLayout.coordoneesConsulta.base" extends="site.serproLayout.formulario">
        <put name="corpo" value="/WEB-INF/jsp/base/paginas/coordonees/ParCoordonees.jsp" />
    </definition>
    <definition name="site.serproLayout.coordoneesVisualiza.base" extends="site.serproLayout.formulario">
        <put name="corpo" value="/WEB-INF/jsp/base/paginas/coordonees/VisCoordonees.jsp" />
    </definition>
    <definition name="site.serproLayout.coordonees.base" extends="site.serproLayout.formulario">
        <put name="corpo" value="/WEB-INF/jsp/base/paginas/coordonees/CadCoordonees.jsp" />
    </definition>
    <definition name="site.serproLayout.coordoneesConsultaLov" extends="site.serproLayout.coordoneesConsultaLov.base" />
    <definition name="site.serproLayout.coordoneesConsulta" extends="site.serproLayout.coordoneesConsulta.base" />
    <definition name="site.serproLayout.coordoneesVisualiza" extends="site.serproLayout.coordoneesVisualiza.base" />
    <definition name="site.serproLayout.coordonees" extends="site.serproLayout.coordonees.base" />

    <!-- ################################### Deplacement ############################### -->
    <definition name="site.serproLayout.deplacementConsultaLov.base" extends="site.serproLayout.formularioLov">
        <put name="corpo" value="/WEB-INF/jsp/base/paginas/deplacement/ParDeplacement.jsp" />
    </definition>
    <definition name="site.serproLayout.deplacementConsulta.base" extends="site.serproLayout.formulario">
        <put name="corpo" value="/WEB-INF/jsp/base/paginas/deplacement/ParDeplacement.jsp" />
    </definition>
    <definition name="site.serproLayout.deplacementVisualiza.base" extends="site.serproLayout.formulario">
        <put name="corpo" value="/WEB-INF/jsp/base/paginas/deplacement/VisDeplacement.jsp" />
    </definition>
    <definition name="site.serproLayout.deplacement.base" extends="site.serproLayout.formulario">
        <put name="corpo" value="/WEB-INF/jsp/base/paginas/deplacement/CadDeplacement.jsp" />
    </definition>
    <definition name="site.serproLayout.deplacementConsultaLov" extends="site.serproLayout.deplacementConsultaLov.base" />
    <definition name="site.serproLayout.deplacementConsulta" extends="site.serproLayout.deplacementConsulta.base" />
    <definition name="site.serproLayout.deplacementVisualiza" extends="site.serproLayout.deplacementVisualiza.base" />
    <definition name="site.serproLayout.deplacement" extends="site.serproLayout.deplacement.base" />

    <!-- ################################### EtatSante ############################### -->
    <definition name="site.serproLayout.etatSanteConsultaLov.base" extends="site.serproLayout.formularioLov">
        <put name="corpo" value="/WEB-INF/jsp/base/paginas/etatSante/ParEtatSante.jsp" />
    </definition>
    <definition name="site.serproLayout.etatSanteConsulta.base" extends="site.serproLayout.formulario">
        <put name="corpo" value="/WEB-INF/jsp/base/paginas/etatSante/ParEtatSante.jsp" />
    </definition>
    <definition name="site.serproLayout.etatSanteVisualiza.base" extends="site.serproLayout.formulario">
        <put name="corpo" value="/WEB-INF/jsp/base/paginas/etatSante/VisEtatSante.jsp" />
    </definition>
    <definition name="site.serproLayout.etatSante.base" extends="site.serproLayout.formulario">
        <put name="corpo" value="/WEB-INF/jsp/base/paginas/etatSante/CadEtatSante.jsp" />
    </definition>
    <definition name="site.serproLayout.etatSanteConsultaLov" extends="site.serproLayout.etatSanteConsultaLov.base" />
    <definition name="site.serproLayout.etatSanteConsulta" extends="site.serproLayout.etatSanteConsulta.base" />
    <definition name="site.serproLayout.etatSanteVisualiza" extends="site.serproLayout.etatSanteVisualiza.base" />
    <definition name="site.serproLayout.etatSante" extends="site.serproLayout.etatSante.base" />

    <!-- ################################### Modele ############################### -->
    <definition name="site.serproLayout.modeleConsultaLov.base" extends="site.serproLayout.formularioLov">
        <put name="corpo" value="/WEB-INF/jsp/base/paginas/modele/ParModele.jsp" />
    </definition>
    <definition name="site.serproLayout.modeleConsulta.base" extends="site.serproLayout.formulario">
        <put name="corpo" value="/WEB-INF/jsp/base/paginas/modele/ParModele.jsp" />
    </definition>
    <definition name="site.serproLayout.modeleVisualiza.base" extends="site.serproLayout.formulario">
        <put name="corpo" value="/WEB-INF/jsp/base/paginas/modele/VisModele.jsp" />
    </definition>
    <definition name="site.serproLayout.modele.base" extends="site.serproLayout.formulario">
        <put name="corpo" value="/WEB-INF/jsp/base/paginas/modele/CadModele.jsp" />
    </definition>
    <definition name="site.serproLayout.modeleConsultaLov" extends="site.serproLayout.modeleConsultaLov.base" />
    <definition name="site.serproLayout.modeleConsulta" extends="site.serproLayout.modeleConsulta.base" />
    <definition name="site.serproLayout.modeleVisualiza" extends="site.serproLayout.modeleVisualiza.base" />
    <definition name="site.serproLayout.modele" extends="site.serproLayout.modele.base" />

    <!-- ################################### Maladie ############################### -->
    <definition name="site.serproLayout.maladieConsultaLov.base" extends="site.serproLayout.formularioLov">
        <put name="corpo" value="/WEB-INF/jsp/base/paginas/maladie/ParMaladie.jsp" />
    </definition>
    <definition name="site.serproLayout.maladieConsulta.base" extends="site.serproLayout.formulario">
        <put name="corpo" value="/WEB-INF/jsp/base/paginas/maladie/ParMaladie.jsp" />
    </definition>
    <definition name="site.serproLayout.maladieVisualiza.base" extends="site.serproLayout.formulario">
        <put name="corpo" value="/WEB-INF/jsp/base/paginas/maladie/VisMaladie.jsp" />
    </definition>
    <definition name="site.serproLayout.maladie.base" extends="site.serproLayout.formulario">
        <put name="corpo" value="/WEB-INF/jsp/base/paginas/maladie/CadMaladie.jsp" />
    </definition>
    <definition name="site.serproLayout.maladieConsultaLov" extends="site.serproLayout.maladieConsultaLov.base" />
    <definition name="site.serproLayout.maladieConsulta" extends="site.serproLayout.maladieConsulta.base" />
    <definition name="site.serproLayout.maladieVisualiza" extends="site.serproLayout.maladieVisualiza.base" />
    <definition name="site.serproLayout.maladie" extends="site.serproLayout.maladie.base" />

    <!-- ################################### Noeud ############################### -->
    <definition name="site.serproLayout.noeudConsultaLov.base" extends="site.serproLayout.formularioLov">
        <put name="corpo" value="/WEB-INF/jsp/base/paginas/noeud/ParNoeud.jsp" />
    </definition>
    <definition name="site.serproLayout.noeudConsulta.base" extends="site.serproLayout.formulario">
        <put name="corpo" value="/WEB-INF/jsp/base/paginas/noeud/ParNoeud.jsp" />
    </definition>
    <definition name="site.serproLayout.noeudVisualiza.base" extends="site.serproLayout.formulario">
        <put name="corpo" value="/WEB-INF/jsp/base/paginas/noeud/VisNoeud.jsp" />
    </definition>
    <definition name="site.serproLayout.noeud.base" extends="site.serproLayout.formulario">
        <put name="corpo" value="/WEB-INF/jsp/base/paginas/noeud/CadNoeud.jsp" />
    </definition>
    <definition name="site.serproLayout.noeudConsultaLov" extends="site.serproLayout.noeudConsultaLov.base" />
    <definition name="site.serproLayout.noeudConsulta" extends="site.serproLayout.noeudConsulta.base" />
    <definition name="site.serproLayout.noeudVisualiza" extends="site.serproLayout.noeudVisualiza.base" />
    <definition name="site.serproLayout.noeud" extends="site.serproLayout.noeud.base" />

    <!-- ################################### Organizacao ############################### -->
    <definition name="site.serproLayout.organizacaoConsultaLov.base" extends="site.serproLayout.formularioLov">
        <put name="corpo" value="/WEB-INF/jsp/base/paginas/organizacao/ParOrganizacao.jsp" />
    </definition>
    <definition name="site.serproLayout.organizacaoConsulta.base" extends="site.serproLayout.formulario">
        <put name="corpo" value="/WEB-INF/jsp/base/paginas/organizacao/ParOrganizacao.jsp" />
    </definition>
    <definition name="site.serproLayout.organizacaoVisualiza.base" extends="site.serproLayout.formulario">
        <put name="corpo" value="/WEB-INF/jsp/base/paginas/organizacao/VisOrganizacao.jsp" />
    </definition>
    <definition name="site.serproLayout.organizacao.base" extends="site.serproLayout.formulario">
        <put name="corpo" value="/WEB-INF/jsp/base/paginas/organizacao/CadOrganizacao.jsp" />
    </definition>
    <definition name="site.serproLayout.organizacaoConsultaLov" extends="site.serproLayout.organizacaoConsultaLov.base" />
    <definition name="site.serproLayout.organizacaoConsulta" extends="site.serproLayout.organizacaoConsulta.base" />
    <definition name="site.serproLayout.organizacaoVisualiza" extends="site.serproLayout.organizacaoVisualiza.base" />
    <definition name="site.serproLayout.organizacao" extends="site.serproLayout.organizacao.base" />

    <!-- ################################### Papel ############################### -->
    <definition name="site.serproLayout.papelConsultaLov.base" extends="site.serproLayout.formularioLov">
        <put name="corpo" value="/WEB-INF/jsp/base/paginas/papel/ParPapel.jsp" />
    </definition>
    <definition name="site.serproLayout.papelConsulta.base" extends="site.serproLayout.formulario">
        <put name="corpo" value="/WEB-INF/jsp/base/paginas/papel/ParPapel.jsp" />
    </definition>
    <definition name="site.serproLayout.papelVisualiza.base" extends="site.serproLayout.formulario">
        <put name="corpo" value="/WEB-INF/jsp/base/paginas/papel/VisPapel.jsp" />
    </definition>
    <definition name="site.serproLayout.papel.base" extends="site.serproLayout.formulario">
        <put name="corpo" value="/WEB-INF/jsp/base/paginas/papel/CadPapel.jsp" />
    </definition>
    <definition name="site.serproLayout.papelConsultaLov" extends="site.serproLayout.papelConsultaLov.base" />
    <definition name="site.serproLayout.papelConsulta" extends="site.serproLayout.papelConsulta.base" />
    <definition name="site.serproLayout.papelVisualiza" extends="site.serproLayout.papelVisualiza.base" />
    <definition name="site.serproLayout.papel" extends="site.serproLayout.papel.base" />

    <!-- ################################### Perfil ############################### -->
    <definition name="site.serproLayout.perfilConsultaLov.base" extends="site.serproLayout.formularioLov">
        <put name="corpo" value="/WEB-INF/jsp/base/paginas/perfil/ParPerfil.jsp" />
    </definition>
    <definition name="site.serproLayout.perfilConsulta.base" extends="site.serproLayout.formulario">
        <put name="corpo" value="/WEB-INF/jsp/base/paginas/perfil/ParPerfil.jsp" />
    </definition>
    <definition name="site.serproLayout.perfilVisualiza.base" extends="site.serproLayout.formulario">
        <put name="corpo" value="/WEB-INF/jsp/base/paginas/perfil/VisPerfil.jsp" />
    </definition>
    <definition name="site.serproLayout.perfil.base" extends="site.serproLayout.formulario">
        <put name="corpo" value="/WEB-INF/jsp/base/paginas/perfil/CadPerfil.jsp" />
    </definition>
    <definition name="site.serproLayout.perfilConsultaLov" extends="site.serproLayout.perfilConsultaLov.base" />
    <definition name="site.serproLayout.perfilConsulta" extends="site.serproLayout.perfilConsulta.base" />
    <definition name="site.serproLayout.perfilVisualiza" extends="site.serproLayout.perfilVisualiza.base" />
    <definition name="site.serproLayout.perfil" extends="site.serproLayout.perfil.base" />

    <!-- ################################### Pessoa ############################### -->
    <definition name="site.serproLayout.pessoaConsultaLov.base" extends="site.serproLayout.formularioLov">
        <put name="corpo" value="/WEB-INF/jsp/base/paginas/pessoa/ParPessoa.jsp" />
    </definition>
    <definition name="site.serproLayout.pessoaConsulta.base" extends="site.serproLayout.formulario">
        <put name="corpo" value="/WEB-INF/jsp/base/paginas/pessoa/ParPessoa.jsp" />
    </definition>
    <definition name="site.serproLayout.pessoaVisualiza.base" extends="site.serproLayout.formulario">
        <put name="corpo" value="/WEB-INF/jsp/base/paginas/pessoa/VisPessoa.jsp" />
    </definition>
    <definition name="site.serproLayout.pessoa.base" extends="site.serproLayout.formulario">
        <put name="corpo" value="/WEB-INF/jsp/base/paginas/pessoa/CadPessoa.jsp" />
    </definition>
    <definition name="site.serproLayout.pessoaConsultaLov" extends="site.serproLayout.pessoaConsultaLov.base" />
    <definition name="site.serproLayout.pessoaConsulta" extends="site.serproLayout.pessoaConsulta.base" />
    <definition name="site.serproLayout.pessoaVisualiza" extends="site.serproLayout.pessoaVisualiza.base" />
    <definition name="site.serproLayout.pessoa" extends="site.serproLayout.pessoa.base" />

    <!-- ################################### PerfilUsuario ############################### -->
    <definition name="site.serproLayout.perfilUsuarioConsultaLov.base" extends="site.serproLayout.formularioLov">
        <put name="corpo" value="/WEB-INF/jsp/base/paginas/perfilUsuario/ParPerfilUsuario.jsp" />
    </definition>
    <definition name="site.serproLayout.perfilUsuarioConsulta.base" extends="site.serproLayout.formulario">
        <put name="corpo" value="/WEB-INF/jsp/base/paginas/perfilUsuario/ParPerfilUsuario.jsp" />
    </definition>
    <definition name="site.serproLayout.perfilUsuarioVisualiza.base" extends="site.serproLayout.formulario">
        <put name="corpo" value="/WEB-INF/jsp/base/paginas/perfilUsuario/VisPerfilUsuario.jsp" />
    </definition>
    <definition name="site.serproLayout.perfilUsuario.base" extends="site.serproLayout.formulario">
        <put name="corpo" value="/WEB-INF/jsp/base/paginas/perfilUsuario/CadPerfilUsuario.jsp" />
    </definition>
    <definition name="site.serproLayout.perfilUsuarioConsultaLov" extends="site.serproLayout.perfilUsuarioConsultaLov.base" />
    <definition name="site.serproLayout.perfilUsuarioConsulta" extends="site.serproLayout.perfilUsuarioConsulta.base" />
    <definition name="site.serproLayout.perfilUsuarioVisualiza" extends="site.serproLayout.perfilUsuarioVisualiza.base" />
    <definition name="site.serproLayout.perfilUsuario" extends="site.serproLayout.perfilUsuario.base" />

    <!-- ################################### RegraNegocio ############################### -->
    <definition name="site.serproLayout.regraNegocioConsultaLov.base" extends="site.serproLayout.formularioLov">
        <put name="corpo" value="/WEB-INF/jsp/base/paginas/regraNegocio/ParRegraNegocio.jsp" />
    </definition>
    <definition name="site.serproLayout.regraNegocioConsulta.base" extends="site.serproLayout.formulario">
        <put name="corpo" value="/WEB-INF/jsp/base/paginas/regraNegocio/ParRegraNegocio.jsp" />
    </definition>
    <definition name="site.serproLayout.regraNegocioVisualiza.base" extends="site.serproLayout.formulario">
        <put name="corpo" value="/WEB-INF/jsp/base/paginas/regraNegocio/VisRegraNegocio.jsp" />
    </definition>
    <definition name="site.serproLayout.regraNegocio.base" extends="site.serproLayout.formulario">
        <put name="corpo" value="/WEB-INF/jsp/base/paginas/regraNegocio/CadRegraNegocio.jsp" />
    </definition>
    <definition name="site.serproLayout.regraNegocioConsultaLov" extends="site.serproLayout.regraNegocioConsultaLov.base" />
    <definition name="site.serproLayout.regraNegocioConsulta" extends="site.serproLayout.regraNegocioConsulta.base" />
    <definition name="site.serproLayout.regraNegocioVisualiza" extends="site.serproLayout.regraNegocioVisualiza.base" />
    <definition name="site.serproLayout.regraNegocio" extends="site.serproLayout.regraNegocio.base" />

    <!-- ################################### Scenario ############################### -->
    <definition name="site.serproLayout.scenarioConsultaLov.base" extends="site.serproLayout.formularioLov">
        <put name="corpo" value="/WEB-INF/jsp/base/paginas/scenario/ParScenario.jsp" />
    </definition>
    <definition name="site.serproLayout.scenarioConsulta.base" extends="site.serproLayout.formulario">
        <put name="corpo" value="/WEB-INF/jsp/base/paginas/scenario/ParScenario.jsp" />
    </definition>
    <definition name="site.serproLayout.scenarioVisualiza.base" extends="site.serproLayout.formulario">
        <put name="corpo" value="/WEB-INF/jsp/base/paginas/scenario/VisScenario.jsp" />
    </definition>
    <definition name="site.serproLayout.scenario.base" extends="site.serproLayout.formulario">
        <put name="corpo" value="/WEB-INF/jsp/base/paginas/scenario/CadScenario.jsp" />
    </definition>
    <definition name="site.serproLayout.scenarioConsultaLov" extends="site.serproLayout.scenarioConsultaLov.base" />
    <definition name="site.serproLayout.scenarioConsulta" extends="site.serproLayout.scenarioConsulta.base" />
    <definition name="site.serproLayout.scenarioVisualiza" extends="site.serproLayout.scenarioVisualiza.base" />
    <definition name="site.serproLayout.scenario" extends="site.serproLayout.scenario.base" />

    <!-- ################################### Sistema ############################### -->
    <definition name="site.serproLayout.sistemaConsultaLov.base" extends="site.serproLayout.formularioLov">
        <put name="corpo" value="/WEB-INF/jsp/base/paginas/sistema/ParSistema.jsp" />
    </definition>
    <definition name="site.serproLayout.sistemaConsulta.base" extends="site.serproLayout.formulario">
        <put name="corpo" value="/WEB-INF/jsp/base/paginas/sistema/ParSistema.jsp" />
    </definition>
    <definition name="site.serproLayout.sistemaVisualiza.base" extends="site.serproLayout.formulario">
        <put name="corpo" value="/WEB-INF/jsp/base/paginas/sistema/VisSistema.jsp" />
    </definition>
    <definition name="site.serproLayout.sistema.base" extends="site.serproLayout.formulario">
        <put name="corpo" value="/WEB-INF/jsp/base/paginas/sistema/CadSistema.jsp" />
    </definition>
    <definition name="site.serproLayout.sistemaConsultaLov" extends="site.serproLayout.sistemaConsultaLov.base" />
    <definition name="site.serproLayout.sistemaConsulta" extends="site.serproLayout.sistemaConsulta.base" />
    <definition name="site.serproLayout.sistemaVisualiza" extends="site.serproLayout.sistemaVisualiza.base" />
    <definition name="site.serproLayout.sistema" extends="site.serproLayout.sistema.base" />

    <!-- ################################### StatutSante ############################### -->
    <definition name="site.serproLayout.statutSanteConsultaLov.base" extends="site.serproLayout.formularioLov">
        <put name="corpo" value="/WEB-INF/jsp/base/paginas/statutSante/ParStatutSante.jsp" />
    </definition>
    <definition name="site.serproLayout.statutSanteConsulta.base" extends="site.serproLayout.formulario">
        <put name="corpo" value="/WEB-INF/jsp/base/paginas/statutSante/ParStatutSante.jsp" />
    </definition>
    <definition name="site.serproLayout.statutSanteVisualiza.base" extends="site.serproLayout.formulario">
        <put name="corpo" value="/WEB-INF/jsp/base/paginas/statutSante/VisStatutSante.jsp" />
    </definition>
    <definition name="site.serproLayout.statutSante.base" extends="site.serproLayout.formulario">
        <put name="corpo" value="/WEB-INF/jsp/base/paginas/statutSante/CadStatutSante.jsp" />
    </definition>
    <definition name="site.serproLayout.statutSanteConsultaLov" extends="site.serproLayout.statutSanteConsultaLov.base" />
    <definition name="site.serproLayout.statutSanteConsulta" extends="site.serproLayout.statutSanteConsulta.base" />
    <definition name="site.serproLayout.statutSanteVisualiza" extends="site.serproLayout.statutSanteVisualiza.base" />
    <definition name="site.serproLayout.statutSante" extends="site.serproLayout.statutSante.base" />

    <!-- ################################### SistemaUsuario ############################### -->
    <definition name="site.serproLayout.sistemaUsuarioConsultaLov.base" extends="site.serproLayout.formularioLov">
        <put name="corpo" value="/WEB-INF/jsp/base/paginas/sistemaUsuario/ParSistemaUsuario.jsp" />
    </definition>
    <definition name="site.serproLayout.sistemaUsuarioConsulta.base" extends="site.serproLayout.formulario">
        <put name="corpo" value="/WEB-INF/jsp/base/paginas/sistemaUsuario/ParSistemaUsuario.jsp" />
    </definition>
    <definition name="site.serproLayout.sistemaUsuarioVisualiza.base" extends="site.serproLayout.formulario">
        <put name="corpo" value="/WEB-INF/jsp/base/paginas/sistemaUsuario/VisSistemaUsuario.jsp" />
    </definition>
    <definition name="site.serproLayout.sistemaUsuario.base" extends="site.serproLayout.formulario">
        <put name="corpo" value="/WEB-INF/jsp/base/paginas/sistemaUsuario/CadSistemaUsuario.jsp" />
    </definition>
    <definition name="site.serproLayout.sistemaUsuarioConsultaLov" extends="site.serproLayout.sistemaUsuarioConsultaLov.base" />
    <definition name="site.serproLayout.sistemaUsuarioConsulta" extends="site.serproLayout.sistemaUsuarioConsulta.base" />
    <definition name="site.serproLayout.sistemaUsuarioVisualiza" extends="site.serproLayout.sistemaUsuarioVisualiza.base" />
    <definition name="site.serproLayout.sistemaUsuario" extends="site.serproLayout.sistemaUsuario.base" />

    <!-- ################################### TipoOrganizacao ############################### -->
    <definition name="site.serproLayout.tipoOrganizacaoConsultaLov.base" extends="site.serproLayout.formularioLov">
        <put name="corpo" value="/WEB-INF/jsp/base/paginas/tipoOrganizacao/ParTipoOrganizacao.jsp" />
    </definition>
    <definition name="site.serproLayout.tipoOrganizacaoConsulta.base" extends="site.serproLayout.formulario">
        <put name="corpo" value="/WEB-INF/jsp/base/paginas/tipoOrganizacao/ParTipoOrganizacao.jsp" />
    </definition>
    <definition name="site.serproLayout.tipoOrganizacaoVisualiza.base" extends="site.serproLayout.formulario">
        <put name="corpo" value="/WEB-INF/jsp/base/paginas/tipoOrganizacao/VisTipoOrganizacao.jsp" />
    </definition>
    <definition name="site.serproLayout.tipoOrganizacao.base" extends="site.serproLayout.formulario">
        <put name="corpo" value="/WEB-INF/jsp/base/paginas/tipoOrganizacao/CadTipoOrganizacao.jsp" />
    </definition>
    <definition name="site.serproLayout.tipoOrganizacaoConsultaLov" extends="site.serproLayout.tipoOrganizacaoConsultaLov.base" />
    <definition name="site.serproLayout.tipoOrganizacaoConsulta" extends="site.serproLayout.tipoOrganizacaoConsulta.base" />
    <definition name="site.serproLayout.tipoOrganizacaoVisualiza" extends="site.serproLayout.tipoOrganizacaoVisualiza.base" />
    <definition name="site.serproLayout.tipoOrganizacao" extends="site.serproLayout.tipoOrganizacao.base" />

    <!-- ################################### TipoAcesso ############################### -->
    <definition name="site.serproLayout.tipoAcessoConsultaLov.base" extends="site.serproLayout.formularioLov">
        <put name="corpo" value="/WEB-INF/jsp/base/paginas/tipoAcesso/ParTipoAcesso.jsp" />
    </definition>
    <definition name="site.serproLayout.tipoAcessoConsulta.base" extends="site.serproLayout.formulario">
        <put name="corpo" value="/WEB-INF/jsp/base/paginas/tipoAcesso/ParTipoAcesso.jsp" />
    </definition>
    <definition name="site.serproLayout.tipoAcessoVisualiza.base" extends="site.serproLayout.formulario">
        <put name="corpo" value="/WEB-INF/jsp/base/paginas/tipoAcesso/VisTipoAcesso.jsp" />
    </definition>
    <definition name="site.serproLayout.tipoAcesso.base" extends="site.serproLayout.formulario">
        <put name="corpo" value="/WEB-INF/jsp/base/paginas/tipoAcesso/CadTipoAcesso.jsp" />
    </definition>
    <definition name="site.serproLayout.tipoAcessoConsultaLov" extends="site.serproLayout.tipoAcessoConsultaLov.base" />
    <definition name="site.serproLayout.tipoAcessoConsulta" extends="site.serproLayout.tipoAcessoConsulta.base" />
    <definition name="site.serproLayout.tipoAcessoVisualiza" extends="site.serproLayout.tipoAcessoVisualiza.base" />
    <definition name="site.serproLayout.tipoAcesso" extends="site.serproLayout.tipoAcesso.base" />

    <!-- ################################### TipoPessoa ############################### -->
    <definition name="site.serproLayout.tipoPessoaConsultaLov.base" extends="site.serproLayout.formularioLov">
        <put name="corpo" value="/WEB-INF/jsp/base/paginas/tipoPessoa/ParTipoPessoa.jsp" />
    </definition>
    <definition name="site.serproLayout.tipoPessoaConsulta.base" extends="site.serproLayout.formulario">
        <put name="corpo" value="/WEB-INF/jsp/base/paginas/tipoPessoa/ParTipoPessoa.jsp" />
    </definition>
    <definition name="site.serproLayout.tipoPessoaVisualiza.base" extends="site.serproLayout.formulario">
        <put name="corpo" value="/WEB-INF/jsp/base/paginas/tipoPessoa/VisTipoPessoa.jsp" />
    </definition>
    <definition name="site.serproLayout.tipoPessoa.base" extends="site.serproLayout.formulario">
        <put name="corpo" value="/WEB-INF/jsp/base/paginas/tipoPessoa/CadTipoPessoa.jsp" />
    </definition>
    <definition name="site.serproLayout.tipoPessoaConsultaLov" extends="site.serproLayout.tipoPessoaConsultaLov.base" />
    <definition name="site.serproLayout.tipoPessoaConsulta" extends="site.serproLayout.tipoPessoaConsulta.base" />
    <definition name="site.serproLayout.tipoPessoaVisualiza" extends="site.serproLayout.tipoPessoaVisualiza.base" />
    <definition name="site.serproLayout.tipoPessoa" extends="site.serproLayout.tipoPessoa.base" />

    <!-- ################################### TipoRegra ############################### -->
    <definition name="site.serproLayout.tipoRegraConsultaLov.base" extends="site.serproLayout.formularioLov">
        <put name="corpo" value="/WEB-INF/jsp/base/paginas/tipoRegra/ParTipoRegra.jsp" />
    </definition>
    <definition name="site.serproLayout.tipoRegraConsulta.base" extends="site.serproLayout.formulario">
        <put name="corpo" value="/WEB-INF/jsp/base/paginas/tipoRegra/ParTipoRegra.jsp" />
    </definition>
    <definition name="site.serproLayout.tipoRegraVisualiza.base" extends="site.serproLayout.formulario">
        <put name="corpo" value="/WEB-INF/jsp/base/paginas/tipoRegra/VisTipoRegra.jsp" />
    </definition>
    <definition name="site.serproLayout.tipoRegra.base" extends="site.serproLayout.formulario">
        <put name="corpo" value="/WEB-INF/jsp/base/paginas/tipoRegra/CadTipoRegra.jsp" />
    </definition>
    <definition name="site.serproLayout.tipoRegraConsultaLov" extends="site.serproLayout.tipoRegraConsultaLov.base" />
    <definition name="site.serproLayout.tipoRegraConsulta" extends="site.serproLayout.tipoRegraConsulta.base" />
    <definition name="site.serproLayout.tipoRegraVisualiza" extends="site.serproLayout.tipoRegraVisualiza.base" />
    <definition name="site.serproLayout.tipoRegra" extends="site.serproLayout.tipoRegra.base" />

    <!-- ################################### TipoSexo ############################### -->
    <definition name="site.serproLayout.tipoSexoConsultaLov.base" extends="site.serproLayout.formularioLov">
        <put name="corpo" value="/WEB-INF/jsp/base/paginas/tipoSexo/ParTipoSexo.jsp" />
    </definition>
    <definition name="site.serproLayout.tipoSexoConsulta.base" extends="site.serproLayout.formulario">
        <put name="corpo" value="/WEB-INF/jsp/base/paginas/tipoSexo/ParTipoSexo.jsp" />
    </definition>
    <definition name="site.serproLayout.tipoSexoVisualiza.base" extends="site.serproLayout.formulario">
        <put name="corpo" value="/WEB-INF/jsp/base/paginas/tipoSexo/VisTipoSexo.jsp" />
    </definition>
    <definition name="site.serproLayout.tipoSexo.base" extends="site.serproLayout.formulario">
        <put name="corpo" value="/WEB-INF/jsp/base/paginas/tipoSexo/CadTipoSexo.jsp" />
    </definition>
    <definition name="site.serproLayout.tipoSexoConsultaLov" extends="site.serproLayout.tipoSexoConsultaLov.base" />
    <definition name="site.serproLayout.tipoSexoConsulta" extends="site.serproLayout.tipoSexoConsulta.base" />
    <definition name="site.serproLayout.tipoSexoVisualiza" extends="site.serproLayout.tipoSexoVisualiza.base" />
    <definition name="site.serproLayout.tipoSexo" extends="site.serproLayout.tipoSexo.base" />

    <!-- ################################### Usuario ############################### -->
    <definition name="site.serproLayout.usuarioConsultaLov.base" extends="site.serproLayout.formularioLov">
        <put name="corpo" value="/WEB-INF/jsp/base/paginas/usuario/ParUsuario.jsp" />
    </definition>
    <definition name="site.serproLayout.usuarioConsulta.base" extends="site.serproLayout.formulario">
        <put name="corpo" value="/WEB-INF/jsp/base/paginas/usuario/ParUsuario.jsp" />
    </definition>
    <definition name="site.serproLayout.usuarioVisualiza.base" extends="site.serproLayout.formulario">
        <put name="corpo" value="/WEB-INF/jsp/base/paginas/usuario/VisUsuario.jsp" />
    </definition>
    <definition name="site.serproLayout.usuario.base" extends="site.serproLayout.formulario">
        <put name="corpo" value="/WEB-INF/jsp/base/paginas/usuario/CadUsuario.jsp" />
    </definition>
    <definition name="site.serproLayout.usuarioConsultaLov" extends="site.serproLayout.usuarioConsultaLov.base" />
    <definition name="site.serproLayout.usuarioConsulta" extends="site.serproLayout.usuarioConsulta.base" />
    <definition name="site.serproLayout.usuarioVisualiza" extends="site.serproLayout.usuarioVisualiza.base" />
    <definition name="site.serproLayout.usuario" extends="site.serproLayout.usuario.base" />

<!-- TILES_DEFS -->





























</tiles-definitions>
