<?xml version="1.0" encoding="UTF-8"?>

<!DOCTYPE form-validation PUBLIC
          "-//Apache Software Foundation//DTD Commons Validator Rules Configuration 1.1.3//EN"
          "http://jakarta.apache.org/commons/dtds/validator_1_1_3.dtd">
          
<form-validation> 

	<global>
		<constant>
			<constant-name>zip</constant-name>
			<constant-value>^\d{5}(-\d{4})?$</constant-value>
		</constant> 
	</global>
  
	<formset>
		<form name="frmEntrada">
			<field property="login" depends="required, mask">
			    <msg name="required" key="errors.required"/>
				<arg0 key="erro.login.requerido" />
			</field>

			<field property="senha" depends="required">
			    <msg name="required" key="errors.required"/>
				<arg0 key="erro.senha.requerida" />
			</field>
			
		</form>
		
        <!-- ComandoRegra -->
        <form name="frmComandoRegra">
            <field property="cmdIdtChave" depends="required">
                <msg name="required" key="errors.required"/>
                <arg0 key="texto.comandoRegra.cmdIdtChave.label" />
            </field>
            <field property="rngIdtChave" depends="required">
                <msg name="required" key="errors.required"/>
                <arg0 key="texto.comandoRegra.rngIdtChave.label" />
            </field>
            <field property="cdrFlgAtivo" depends="required">
                <msg name="required" key="errors.required"/>
                <arg0 key="texto.comandoRegra.cdrFlgAtivo.label" />
            </field>
        </form>

        <!-- Comando -->
        <form name="frmComando">
            <field property="cmdDscLabel" depends="required">
                <msg name="required" key="errors.required"/>
                <arg0 key="texto.comando.cmdDscLabel.label" />
            </field>
            <field property="cmdDscAcao" depends="required">
                <msg name="required" key="errors.required"/>
                <arg0 key="texto.comando.cmdDscAcao.label" />
            </field>
            <field property="cmdFlgMenu" depends="required">
                <msg name="required" key="errors.required"/>
                <arg0 key="texto.comando.cmdFlgMenu.label" />
            </field>
        </form>

        <!-- ComandoPerfil -->
        <form name="frmComandoPerfil">
            <field property="cmdIdtChave" depends="required">
                <msg name="required" key="errors.required"/>
                <arg0 key="texto.comandoPerfil.cmdIdtChave.label" />
            </field>
            <field property="perIdtChave" depends="required">
                <msg name="required" key="errors.required"/>
                <arg0 key="texto.comandoPerfil.perIdtChave.label" />
            </field>
        </form>

        <!-- ComandoperfilRegra -->
        <form name="frmComandoperfilRegra">
            <field property="cmpIdtChave" depends="required">
                <msg name="required" key="errors.required"/>
                <arg0 key="texto.comandoperfilRegra.cmpIdtChave.label" />
            </field>
            <field property="rngIdtChave" depends="required">
                <msg name="required" key="errors.required"/>
                <arg0 key="texto.comandoperfilRegra.rngIdtChave.label" />
            </field>
            <field property="cmrFlgAtivo" depends="required">
                <msg name="required" key="errors.required"/>
                <arg0 key="texto.comandoperfilRegra.cmrFlgAtivo.label" />
            </field>
        </form>

        <!-- Configuracao -->
        <form name="frmConfiguracao">
            <field property="orgIdtChave" depends="required">
                <msg name="required" key="errors.required"/>
                <arg0 key="texto.configuracao.orgIdtChave.label" />
            </field>
            <field property="conDscCampo" depends="required">
                <msg name="required" key="errors.required"/>
                <arg0 key="texto.configuracao.conDscCampo.label" />
            </field>
            <field property="conDscValor" depends="required">
                <msg name="required" key="errors.required"/>
                <arg0 key="texto.configuracao.conDscValor.label" />
            </field>
        </form>

        <!-- Contamination -->
        <form name="frmContamination">
            <field property="conNumTemps" depends="required">
                <msg name="required" key="errors.required"/>
                <arg0 key="texto.contamination.conNumTemps.label" />
            </field>
            <field property="nodIdtChave1" depends="required">
                <msg name="required" key="errors.required"/>
                <arg0 key="texto.contamination.nodIdtChave1.label" />
            </field>
            <field property="nodIdtChave2" depends="required">
                <msg name="required" key="errors.required"/>
                <arg0 key="texto.contamination.nodIdtChave2.label" />
            </field>
            <field property="conVlrDistance" depends="required">
                <msg name="required" key="errors.required"/>
                <arg0 key="texto.contamination.conVlrDistance.label" />
            </field>
            <field property="mldIdtChave" depends="required">
                <msg name="required" key="errors.required"/>
                <arg0 key="texto.contamination.mldIdtChave.label" />
            </field>
        </form>

        <!-- Coordonees -->
        <form name="frmCoordonees">
            <field property="nodIdtChave" depends="required">
                <msg name="required" key="errors.required"/>
                <arg0 key="texto.coordonees.nodIdtChave.label" />
            </field>
            <field property="cooNumTemps" depends="required">
                <msg name="required" key="errors.required"/>
                <arg0 key="texto.coordonees.cooNumTemps.label" />
            </field>
            <field property="codVlrCoordx" depends="required">
                <msg name="required" key="errors.required"/>
                <arg0 key="texto.coordonees.codVlrCoordx.label" />
            </field>
            <field property="codVlrCoordy" depends="required">
                <msg name="required" key="errors.required"/>
                <arg0 key="texto.coordonees.codVlrCoordy.label" />
            </field>
        </form>

        <!-- Deplacement -->
        <form name="frmDeplacement">
            <field property="dpcNumTemps" depends="required">
                <msg name="required" key="errors.required"/>
                <arg0 key="texto.deplacement.dpcNumTemps.label" />
            </field>
            <field property="nodIdtChave1" depends="required">
                <msg name="required" key="errors.required"/>
                <arg0 key="texto.deplacement.nodIdtChave1.label" />
            </field>
            <field property="nodIdtChave2" depends="required">
                <msg name="required" key="errors.required"/>
                <arg0 key="texto.deplacement.nodIdtChave2.label" />
            </field>
            <field property="dpcVlrDistance" depends="required">
                <msg name="required" key="errors.required"/>
                <arg0 key="texto.deplacement.dpcVlrDistance.label" />
            </field>
        </form>

        <!-- EtatSante -->
        <form name="frmEtatSante">
            <field property="estNumTemps" depends="required">
                <msg name="required" key="errors.required"/>
                <arg0 key="texto.etatSante.estNumTemps.label" />
            </field>
            <field property="nodIdtChave" depends="required">
                <msg name="required" key="errors.required"/>
                <arg0 key="texto.etatSante.nodIdtChave.label" />
            </field>
            <field property="sstIdtChave" depends="required">
                <msg name="required" key="errors.required"/>
                <arg0 key="texto.etatSante.sstIdtChave.label" />
            </field>
        </form>

        <!-- Modele -->
        <form name="frmModele">
            <field property="mdlDscTitre" depends="required">
                <msg name="required" key="errors.required"/>
                <arg0 key="texto.modele.mdlDscTitre.label" />
            </field>
        </form>

        <!-- Maladie -->
        <form name="frmMaladie">
            <field property="mldDscNom" depends="required">
                <msg name="required" key="errors.required"/>
                <arg0 key="texto.maladie.mldDscNom.label" />
            </field>
        </form>

        <!-- Noeud -->
        <form name="frmNoeud">
            <field property="sceIdtChave" depends="required">
                <msg name="required" key="errors.required"/>
                <arg0 key="texto.noeud.sceIdtChave.label" />
            </field>
            <field property="nodDscTitre" depends="required">
                <msg name="required" key="errors.required"/>
                <arg0 key="texto.noeud.nodDscTitre.label" />
            </field>
        </form>

        <!-- Organizacao -->
        <form name="frmOrganizacao">
            <field property="orgDscFantasia" depends="required">
                <msg name="required" key="errors.required"/>
                <arg0 key="texto.organizacao.orgDscFantasia.label" />
            </field>
            <field property="torIdtChave" depends="required">
                <msg name="required" key="errors.required"/>
                <arg0 key="texto.organizacao.torIdtChave.label" />
            </field>
            <field property="orgFlgAtivo" depends="required">
                <msg name="required" key="errors.required"/>
                <arg0 key="texto.organizacao.orgFlgAtivo.label" />
            </field>
        </form>

        <!-- Papel -->
        <form name="frmPapel">
            <field property="orgIdtChave" depends="required">
                <msg name="required" key="errors.required"/>
                <arg0 key="texto.papel.orgIdtChave.label" />
            </field>
            <field property="pesIdtChave" depends="required">
                <msg name="required" key="errors.required"/>
                <arg0 key="texto.papel.pesIdtChave.label" />
            </field>
            <field property="perIdtChave" depends="required">
                <msg name="required" key="errors.required"/>
                <arg0 key="texto.papel.perIdtChave.label" />
            </field>
            <field property="papDatInicio" depends="required">
                <msg name="required" key="errors.required"/>
                <arg0 key="texto.papel.papDatInicio.label" />
            </field>
            <field property="papFlgAtivo" depends="required">
                <msg name="required" key="errors.required"/>
                <arg0 key="texto.papel.papFlgAtivo.label" />
            </field>
        </form>

        <!-- Perfil -->
        <form name="frmPerfil">
            <field property="sisIdtChave" depends="required">
                <msg name="required" key="errors.required"/>
                <arg0 key="texto.perfil.sisIdtChave.label" />
            </field>
            <field property="perDscPerfil" depends="required">
                <msg name="required" key="errors.required"/>
                <arg0 key="texto.perfil.perDscPerfil.label" />
            </field>
            <field property="perFlgPublico" depends="required">
                <msg name="required" key="errors.required"/>
                <arg0 key="texto.perfil.perFlgPublico.label" />
            </field>
            <field property="tpaIdtChave" depends="required">
                <msg name="required" key="errors.required"/>
                <arg0 key="texto.perfil.tpaIdtChave.label" />
            </field>
        </form>

        <!-- Pessoa -->
        <form name="frmPessoa">
            <field property="tppIdtChave" depends="required">
                <msg name="required" key="errors.required"/>
                <arg0 key="texto.pessoa.tppIdtChave.label" />
            </field>
            <field property="pesDscNome" depends="required">
                <msg name="required" key="errors.required"/>
                <arg0 key="texto.pessoa.pesDscNome.label" />
            </field>
        </form>

        <!-- PerfilUsuario -->
        <form name="frmPerfilUsuario">
            <field property="perIdtChave" depends="required">
                <msg name="required" key="errors.required"/>
                <arg0 key="texto.perfilUsuario.perIdtChave.label" />
            </field>
            <field property="usuIdtChave" depends="required">
                <msg name="required" key="errors.required"/>
                <arg0 key="texto.perfilUsuario.usuIdtChave.label" />
            </field>
        </form>

        <!-- RegraNegocio -->
        <form name="frmRegraNegocio">
            <field property="rngDscIdentificacao" depends="required">
                <msg name="required" key="errors.required"/>
                <arg0 key="texto.regraNegocio.rngDscIdentificacao.label" />
            </field>
            <field property="rngDscAlvo" depends="required">
                <msg name="required" key="errors.required"/>
                <arg0 key="texto.regraNegocio.rngDscAlvo.label" />
            </field>
            <field property="trnIdtChave" depends="required">
                <msg name="required" key="errors.required"/>
                <arg0 key="texto.regraNegocio.trnIdtChave.label" />
            </field>
        </form>

        <!-- Scenario -->
        <form name="frmScenario">
            <field property="sceDscTitre" depends="required">
                <msg name="required" key="errors.required"/>
                <arg0 key="texto.scenario.sceDscTitre.label" />
            </field>
            <field property="mdlIdtChave" depends="required">
                <msg name="required" key="errors.required"/>
                <arg0 key="texto.scenario.mdlIdtChave.label" />
            </field>
        </form>

        <!-- Sistema -->
        <form name="frmSistema">
            <field property="sisDscTitulo" depends="required">
                <msg name="required" key="errors.required"/>
                <arg0 key="texto.sistema.sisDscTitulo.label" />
            </field>
        </form>

        <!-- StatutSante -->
        <form name="frmStatutSante">
            <field property="sstDscTitre" depends="required">
                <msg name="required" key="errors.required"/>
                <arg0 key="texto.statutSante.sstDscTitre.label" />
            </field>
        </form>

        <!-- SistemaUsuario -->
        <form name="frmSistemaUsuario">
            <field property="sisIdtChave" depends="required">
                <msg name="required" key="errors.required"/>
                <arg0 key="texto.sistemaUsuario.sisIdtChave.label" />
            </field>
            <field property="usuIdtChave" depends="required">
                <msg name="required" key="errors.required"/>
                <arg0 key="texto.sistemaUsuario.usuIdtChave.label" />
            </field>
        </form>

        <!-- TipoOrganizacao -->
        <form name="frmTipoOrganizacao">
            <field property="torDscNome" depends="required">
                <msg name="required" key="errors.required"/>
                <arg0 key="texto.tipoOrganizacao.torDscNome.label" />
            </field>
            <field property="torFlgAtivo" depends="required">
                <msg name="required" key="errors.required"/>
                <arg0 key="texto.tipoOrganizacao.torFlgAtivo.label" />
            </field>
        </form>

        <!-- TipoAcesso -->
        <form name="frmTipoAcesso">
            <field property="tpaDscTipo" depends="required">
                <msg name="required" key="errors.required"/>
                <arg0 key="texto.tipoAcesso.tpaDscTipo.label" />
            </field>
        </form>

        <!-- TipoPessoa -->
        <form name="frmTipoPessoa">
            <field property="orgIdtChave" depends="required">
                <msg name="required" key="errors.required"/>
                <arg0 key="texto.tipoPessoa.orgIdtChave.label" />
            </field>
            <field property="tppDscNome" depends="required">
                <msg name="required" key="errors.required"/>
                <arg0 key="texto.tipoPessoa.tppDscNome.label" />
            </field>
            <field property="tppFlgAtivo" depends="required">
                <msg name="required" key="errors.required"/>
                <arg0 key="texto.tipoPessoa.tppFlgAtivo.label" />
            </field>
        </form>

        <!-- TipoRegra -->
        <form name="frmTipoRegra">
            <field property="trnDscNome" depends="required">
                <msg name="required" key="errors.required"/>
                <arg0 key="texto.tipoRegra.trnDscNome.label" />
            </field>
            <field property="trnFlgAtivo" depends="required">
                <msg name="required" key="errors.required"/>
                <arg0 key="texto.tipoRegra.trnFlgAtivo.label" />
            </field>
        </form>

        <!-- TipoSexo -->
        <form name="frmTipoSexo">
            <field property="orgIdtChave" depends="required">
                <msg name="required" key="errors.required"/>
                <arg0 key="texto.tipoSexo.orgIdtChave.label" />
            </field>
            <field property="tsxDscNome" depends="required">
                <msg name="required" key="errors.required"/>
                <arg0 key="texto.tipoSexo.tsxDscNome.label" />
            </field>
            <field property="tsxDscSigla" depends="required">
                <msg name="required" key="errors.required"/>
                <arg0 key="texto.tipoSexo.tsxDscSigla.label" />
            </field>
        </form>

        <!-- Usuario -->
        <form name="frmUsuario">
            <field property="usuDscLogin" depends="required">
                <msg name="required" key="errors.required"/>
                <arg0 key="texto.usuario.usuDscLogin.label" />
            </field>
            <field property="usuFlgDesativado" depends="required">
                <msg name="required" key="errors.required"/>
                <arg0 key="texto.usuario.usuFlgDesativado.label" />
            </field>
        </form>

<!-- VALIDATION -->




























				
	</formset>
</form-validation>
